{
    "name": "dialogflowFirebaseFulfillment",
    "description": "This is the default fulfillment for a Dialogflow agents using Cloud Functions for Firebase",
    "version": "0.0.1",
    "private": true,
    "license": "Apache Version 2.0",
    "author": "Google Inc.",
    "engines": {
      "node": "8"
    },
    "scripts": {
      "start": "firebase serve --only functions:dialogflowFirebaseFulfillment",
      "deploy": "firebase deploy --only functions:dialogflowFirebaseFulfillment"
    },
    "dependencies": {
      "actions-on-google": "^2.2.0",
      "firebase-admin": "^5.13.1",
      "firebase-functions": "^2.0.2",
      "dialogflow": "^0.6.0",
      "dialogflow-fulfillment": "^0.6.0"
    }
  }