[
  {
    "id": "5cd971ef-d7f1-4972-88d3-317680d6d9db",
    "data": [
      {
        "text": "Kann ich ",
        "userDefined": false
      },
      {
        "text": "am Dienstag",
        "alias": "date",
        "meta": "@sys.date",
        "userDefined": false
      },
      {
        "text": " ",
        "userDefined": false
      },
      {
        "text": "AMR",
        "alias": "module",
        "meta": "@Module",
        "userDefined": false
      },
      {
        "text": " hören?",
        "userDefined": false
      }
    ],
    "isTemplate": false,
    "count": 0,
    "updated": 1547320192
  },
  {
    "id": "8782b057-79d1-4026-a808-ed7abd981ccb",
    "data": [
      {
        "text": "Findet ",
        "userDefined": false
      },
      {
        "text": "am Mittwoch",
        "alias": "date",
        "meta": "@sys.date",
        "userDefined": false
      },
      {
        "text": " ",
        "userDefined": false
      },
      {
        "text": "AMR",
        "alias": "module",
        "meta": "@Module",
        "userDefined": false
      },
      {
        "text": " statt?",
        "userDefined": false
      }
    ],
    "isTemplate": false,
    "count": 0,
    "updated": 1547319917
  },
  {
    "id": "5ca80e51-94a0-49b4-893e-eb6f8da48d8b",
    "data": [
      {
        "text": "Habe ich ",
        "userDefined": false
      },
      {
        "text": "Montag",
        "alias": "date",
        "meta": "@sys.date",
        "userDefined": false
      },
      {
        "text": " ",
        "userDefined": false
      },
      {
        "text": "EBK",
        "alias": "module",
        "meta": "@Module",
        "userDefined": false
      },
      {
        "text": "?",
        "userDefined": false
      }
    ],
    "isTemplate": false,
    "count": 0,
    "updated": 1547319481
  },
  {
    "id": "9d61481f-a128-4961-b307-1f3d7110a65f",
    "data": [
      {
        "text": "Habe ich ",
        "userDefined": false
      },
      {
        "text": "am Montag",
        "alias": "date",
        "meta": "@sys.date",
        "userDefined": false
      },
      {
        "text": " ",
        "userDefined": false
      },
      {
        "text": "EBK",
        "alias": "module",
        "meta": "@Module",
        "userDefined": false
      },
      {
        "text": "?",
        "userDefined": false
      }
    ],
    "isTemplate": false,
    "count": 0,
    "updated": 1547319481
  },
  {
    "id": "5635d4e5-4162-4229-b947-736ee354284b",
    "data": [
      {
        "text": "Findet ",
        "userDefined": false
      },
      {
        "text": "MMI",
        "alias": "module",
        "meta": "@Module",
        "userDefined": true
      },
      {
        "text": " ",
        "userDefined": false
      },
      {
        "text": "am Freitag",
        "alias": "date",
        "meta": "@sys.date",
        "userDefined": false
      },
      {
        "text": " statt?",
        "userDefined": false
      }
    ],
    "isTemplate": false,
    "count": 0,
    "updated": 1547111005
  },
  {
    "id": "61396997-80f3-40f2-9021-31edeeb6b37c",
    "data": [
      {
        "text": "Findet ",
        "userDefined": false
      },
      {
        "text": "NNW",
        "alias": "module",
        "meta": "@Module",
        "userDefined": true
      },
      {
        "text": " ",
        "userDefined": false
      },
      {
        "text": "am Montag",
        "alias": "date",
        "meta": "@sys.date",
        "userDefined": false
      },
      {
        "text": " statt?",
        "userDefined": false
      }
    ],
    "isTemplate": false,
    "count": 0,
    "updated": 1547118425
  }
]