[
  {
    "id": "ebd4feb5-7afc-403f-ac04-b71851087329",
    "data": [
      {
        "text": "Wo muss ich da hin?",
        "userDefined": false
      }
    ],
    "isTemplate": false,
    "count": 0,
    "updated": 1547456957
  },
  {
    "id": "e4f6ffa4-e8ab-42be-8b48-e63ae3d52240",
    "data": [
      {
        "text": "In welchem Raum findet sie statt?",
        "userDefined": false
      }
    ],
    "isTemplate": false,
    "count": 0,
    "updated": 1547456957
  },
  {
    "id": "7c367ff2-48a5-4a61-84d4-1e6dbe37ea20",
    "data": [
      {
        "text": "Und wo?",
        "userDefined": false
      }
    ],
    "isTemplate": false,
    "count": 0,
    "updated": 1544633638
  },
  {
    "id": "643885ec-b628-4406-a607-0beb909ea27f",
    "data": [
      {
        "text": "Wo kann ich es hören?",
        "userDefined": false
      }
    ],
    "isTemplate": false,
    "count": 0,
    "updated": 1544536589
  },
  {
    "id": "8feee0ee-9571-421a-9a3f-21a93da47edd",
    "data": [
      {
        "text": "Wo findet es statt?",
        "userDefined": false
      }
    ],
    "isTemplate": false,
    "count": 0,
    "updated": 1544536507
  }
]