[
  {
    "id": "1bde117c-01da-4cf2-a04e-dd56963b995b",
    "data": [
      {
        "text": "Wann beginnt sie im Raum A211?",
        "userDefined": false
      }
    ],
    "isTemplate": false,
    "count": 0,
    "updated": 1544634621
  },
  {
    "id": "bc5d4847-438b-4371-87e0-655fa0fab881",
    "data": [
      {
        "text": "Und wann geht es los?",
        "userDefined": false
      }
    ],
    "isTemplate": false,
    "count": 0,
    "updated": 1544634621
  },
  {
    "id": "7844726b-8306-4e64-bfb8-64f26e4863f1",
    "data": [
      {
        "text": "Und wann geht´s los?",
        "userDefined": false
      }
    ],
    "isTemplate": false,
    "count": 0,
    "updated": 1544634621
  },
  {
    "id": "6a084aed-f4e1-452f-a151-219dc0ac9e2c",
    "data": [
      {
        "text": "Und wann beginnt es?",
        "userDefined": false
      }
    ],
    "isTemplate": false,
    "count": 0,
    "updated": 1544634621
  },
  {
    "id": "fdfaa533-c700-4141-b0d9-d443b9ca4fcc",
    "data": [
      {
        "text": "Und wann?",
        "userDefined": false
      }
    ],
    "isTemplate": false,
    "count": 0,
    "updated": 1544633565
  },
  {
    "id": "a835c832-779e-4cc6-9c79-e6125ba0bae2",
    "data": [
      {
        "text": "Wann beginnt sie?",
        "userDefined": false
      }
    ],
    "isTemplate": false,
    "count": 0,
    "updated": 1544634621
  },
  {
    "id": "d7c4be1c-7a57-43d3-823a-33c66a894e9a",
    "data": [
      {
        "text": "Wann findet diese Vorlesung statt?",
        "userDefined": false
      }
    ],
    "isTemplate": false,
    "count": 0,
    "updated": 1544634389
  },
  {
    "id": "15b50630-e123-4d59-abee-9a48f1083279",
    "data": [
      {
        "text": "An welchem Tag?",
        "userDefined": false
      }
    ],
    "isTemplate": false,
    "count": 0,
    "updated": 1544634389
  },
  {
    "id": "070fe136-c267-4114-aa31-e2b0263d3639",
    "data": [
      {
        "text": "Für welche Tage?",
        "userDefined": false
      }
    ],
    "isTemplate": false,
    "count": 0,
    "updated": 1544634389
  },
  {
    "id": "4e65fdad-90ca-410b-95b9-0d878f8dc957",
    "data": [
      {
        "text": "An welchem Tag findet die Vorlesung statt?",
        "userDefined": false
      }
    ],
    "isTemplate": false,
    "count": 0,
    "updated": 1544634389
  },
  {
    "id": "a67920d1-edab-4b4b-95bc-84761723b169",
    "data": [
      {
        "text": "Wird es ",
        "userDefined": false
      },
      {
        "text": "Dienstag",
        "alias": "date",
        "meta": "@sys.date",
        "userDefined": false
      },
      {
        "text": " gehalten?",
        "userDefined": false
      }
    ],
    "isTemplate": false,
    "count": 0,
    "updated": 1544634300
  },
  {
    "id": "27d92be1-2ab7-4d01-822f-3827f955150f",
    "data": [
      {
        "text": "Findet diese Vorlesung ",
        "userDefined": false
      },
      {
        "text": "am Mittwoch",
        "alias": "date",
        "meta": "@sys.date",
        "userDefined": false
      },
      {
        "text": " statt?",
        "userDefined": false
      }
    ],
    "isTemplate": false,
    "count": 0,
    "updated": 1544634300
  },
  {
    "id": "bd6538f8-396a-488c-a112-aadef055a72c",
    "data": [
      {
        "text": "Wann ist die nächste Vorlesung?",
        "userDefined": false
      }
    ],
    "isTemplate": false,
    "count": 0,
    "updated": 1544633884
  },
  {
    "id": "4b6c6757-f561-4edd-94af-ee6996c29759",
    "data": [
      {
        "text": "Wann findet die Vorlesung statt?",
        "userDefined": false
      }
    ],
    "isTemplate": false,
    "count": 1,
    "updated": 1544633565
  },
  {
    "id": "2edc4f7d-d4fa-4063-aad6-b7cb5300e04f",
    "data": [
      {
        "text": "An welchen Tagen findet die Vorlesung statt?",
        "userDefined": false
      }
    ],
    "isTemplate": false,
    "count": 0,
    "updated": 1544370015
  },
  {
    "id": "21682ff7-0939-4c2d-8330-e0e0e2df4503",
    "data": [
      {
        "text": "An welchen Tagen kann ich es hören?",
        "userDefined": false
      }
    ],
    "isTemplate": false,
    "count": 0,
    "updated": 1544370015
  },
  {
    "id": "85511bf8-4772-4dc0-92c7-dc09c515a167",
    "data": [
      {
        "text": "Wann?",
        "userDefined": false
      }
    ],
    "isTemplate": false,
    "count": 0,
    "updated": 1544370015
  },
  {
    "id": "7606d905-0740-4d7b-ad47-eaae6e36d3b3",
    "data": [
      {
        "text": "Wann kann ich es hören?",
        "userDefined": false
      }
    ],
    "isTemplate": false,
    "count": 0,
    "updated": 1544370015
  },
  {
    "id": "b59834ad-b0c6-46bf-a0ec-25931ca2f98b",
    "data": [
      {
        "text": "Wann wird es gehalten?",
        "userDefined": false
      }
    ],
    "isTemplate": false,
    "count": 0,
    "updated": 1544370015
  },
  {
    "id": "2f8e2559-8f43-4b80-a8ec-7fc9ce75ae85",
    "data": [
      {
        "text": "Wann wird sie gehalten",
        "userDefined": false
      }
    ],
    "isTemplate": false,
    "count": 0,
    "updated": 1544370015
  },
  {
    "id": "7912b9bd-174e-446f-a4b2-cdb5948be6ee",
    "data": [
      {
        "text": "Wann findet sie statt?",
        "userDefined": false
      }
    ],
    "isTemplate": false,
    "count": 0,
    "updated": 1544370015
  },
  {
    "id": "d18d6709-4591-45b2-af40-5917a96873d2",
    "data": [
      {
        "text": "Wann ist die Vorlesung?",
        "userDefined": false
      }
    ],
    "isTemplate": false,
    "count": 0,
    "updated": 1544370015
  }
]