[
  {
    "id": "791b6d68-4c82-4e1d-a4a4-acae489a643f",
    "data": [
      {
        "text": "ist mir egal",
        "userDefined": false
      }
    ],
    "isTemplate": false,
    "count": 1,
    "updated": 1497436128
  },
  {
    "id": "a8d8808b-631f-4d45-aa87-e07bb46a2908",
    "data": [
      {
        "text": "genau",
        "userDefined": false
      }
    ],
    "isTemplate": false,
    "count": 2,
    "updated": 1497436128
  },
  {
    "id": "14cf5bcd-56e1-49a4-b915-42e9ab346784",
    "data": [
      {
        "text": "ja",
        "userDefined": false
      }
    ],
    "isTemplate": false,
    "count": 2,
    "updated": 1497436128
  },
  {
    "id": "f26b51c6-bda8-4c1f-84dd-bfa468ebae93",
    "data": [
      {
        "text": "natürlich",
        "userDefined": false
      }
    ],
    "isTemplate": false,
    "count": 1,
    "updated": 1497436128
  },
  {
    "id": "881671c2-aa06-416a-b616-3d378eaac27c",
    "data": [
      {
        "text": "klingt gut",
        "userDefined": false
      }
    ],
    "isTemplate": false,
    "count": 0,
    "updated": 1497436128
  },
  {
    "id": "1d0591a2-8f99-465a-81b8-b35db87807fc",
    "data": [
      {
        "text": "mach das",
        "userDefined": false
      }
    ],
    "isTemplate": false,
    "count": 0,
    "updated": 1497436128
  },
  {
    "id": "3d542ca2-248e-487c-bef7-58cb28978ea9",
    "data": [
      {
        "text": "bestätigen",
        "userDefined": false
      }
    ],
    "isTemplate": false,
    "count": 0,
    "updated": 1497436128
  },
  {
    "id": "16585ce4-c492-4e32-99fa-122a2733066c",
    "data": [
      {
        "text": "einverstanden",
        "userDefined": false
      }
    ],
    "isTemplate": false,
    "count": 0,
    "updated": 1497436128
  },
  {
    "id": "914034d2-1696-49ec-9caf-6ed0ef850117",
    "data": [
      {
        "text": "das ist richtig",
        "userDefined": false
      }
    ],
    "isTemplate": false,
    "count": 1,
    "updated": 1497436128
  },
  {
    "id": "4bdd2518-8f77-423d-a1a5-0cd31b67177d",
    "data": [
      {
        "text": "klar",
        "userDefined": false
      }
    ],
    "isTemplate": false,
    "count": 1,
    "updated": 1497436128
  }
]