[
  {
    "id": "71dd4993-5354-4f15-b4db-9ab4f3ab0d29",
    "data": [
      {
        "text": "Ich kann ",
        "userDefined": false
      },
      {
        "text": "heute",
        "alias": "date",
        "meta": "@sys.date",
        "userDefined": true
      },
      {
        "text": " nicht zur Vorlesung kommen, bitte krankmelden.",
        "userDefined": false
      }
    ],
    "isTemplate": false,
    "count": 0,
    "updated": 1547118746
  },
  {
    "id": "5a277996-02d6-49e1-83ab-6dc7416650af",
    "data": [
      {
        "text": "Ich habe keine Lust auf ",
        "userDefined": false
      },
      {
        "text": "NNW",
        "alias": "module",
        "meta": "@Module",
        "userDefined": false
      },
      {
        "text": ", bitte krankmelden",
        "userDefined": false
      }
    ],
    "isTemplate": false,
    "count": 0,
    "updated": 1547118746
  },
  {
    "id": "9315d870-0fd0-4a38-990b-5c5c92dbe418",
    "data": [
      {
        "text": "Ich kann leider nicht zu ",
        "userDefined": false
      },
      {
        "text": "MMI",
        "alias": "module",
        "meta": "@Module",
        "userDefined": false
      },
      {
        "text": " ",
        "userDefined": false
      },
      {
        "text": "am Freitag",
        "alias": "date",
        "meta": "@sys.date",
        "userDefined": false
      },
      {
        "text": " kommen, bitte krankmelden.",
        "userDefined": false
      }
    ],
    "isTemplate": false,
    "count": 0,
    "updated": 1547118746
  },
  {
    "id": "adfc66e8-4df8-45ac-8231-800b08619fc9",
    "data": [
      {
        "text": "Ich möchte mich ",
        "userDefined": false
      },
      {
        "text": "heute",
        "alias": "date",
        "meta": "@sys.date",
        "userDefined": false
      },
      {
        "text": " für ",
        "userDefined": false
      },
      {
        "text": "NNW",
        "alias": "module",
        "meta": "@Module",
        "userDefined": false
      },
      {
        "text": " krankmelden",
        "userDefined": false
      }
    ],
    "isTemplate": false,
    "count": 0,
    "updated": 1547118746
  }
]