[
  {
    "id": "d7ea461b-6fc1-416a-85af-8cc729e63dd1",
    "data": [
      {
        "text": "Wo habe ich ",
        "userDefined": false
      },
      {
        "text": "EBK",
        "alias": "module",
        "meta": "@Module",
        "userDefined": false
      },
      {
        "text": "?",
        "userDefined": false
      }
    ],
    "isTemplate": false,
    "count": 0,
    "updated": 1547319522
  },
  {
    "id": "4a53d5c7-1d74-4040-8427-2125a1a734fb",
    "data": [
      {
        "text": "Wo ist ",
        "userDefined": false
      },
      {
        "text": "AMR",
        "alias": "module",
        "meta": "@Module",
        "userDefined": true
      },
      {
        "text": "?",
        "userDefined": false
      }
    ],
    "isTemplate": false,
    "count": 0,
    "updated": 1544635078
  },
  {
    "id": "578f84e9-32c6-4aa4-9ac0-fe02c3448c08",
    "data": [
      {
        "text": "Wo muss ich für ",
        "userDefined": false
      },
      {
        "text": "AMR",
        "alias": "module",
        "meta": "@Module",
        "userDefined": false
      },
      {
        "text": " hin?",
        "userDefined": false
      }
    ],
    "isTemplate": false,
    "count": 0,
    "updated": 1547319522
  },
  {
    "id": "66633030-429d-40b9-9e0d-cff23387b888",
    "data": [
      {
        "text": "Wo kann ich ",
        "userDefined": false
      },
      {
        "text": "AMR",
        "alias": "module",
        "meta": "@Module",
        "userDefined": false
      },
      {
        "text": " besuchen?",
        "userDefined": false
      }
    ],
    "isTemplate": false,
    "count": 0,
    "updated": 1544635078
  },
  {
    "id": "a578bf07-54d9-4543-a4c6-3bdaec8bc17e",
    "data": [
      {
        "text": "Wo findet die Vorlesung für ",
        "userDefined": false
      },
      {
        "text": "AMR",
        "alias": "module",
        "meta": "@Module",
        "userDefined": false
      },
      {
        "text": " statt?",
        "userDefined": false
      }
    ],
    "isTemplate": false,
    "count": 0,
    "updated": 1544635078
  },
  {
    "id": "9284d53d-2d7a-4e1d-a0e2-1d03280beb4e",
    "data": [
      {
        "text": "Wo kann ich ",
        "userDefined": false
      },
      {
        "text": "KDM",
        "alias": "module",
        "meta": "@Module",
        "userDefined": false
      },
      {
        "text": " hören?",
        "userDefined": false
      }
    ],
    "isTemplate": false,
    "count": 0,
    "updated": 1544633654
  },
  {
    "id": "50faefa1-8cd1-4ddc-917f-62fc58bb1a94",
    "data": [
      {
        "text": "Wo findet  ",
        "userDefined": false
      },
      {
        "text": "PPR",
        "alias": "module",
        "meta": "@Module",
        "userDefined": false
      },
      {
        "text": " statt?",
        "userDefined": false
      }
    ],
    "isTemplate": false,
    "count": 0,
    "updated": 1543569061
  },
  {
    "id": "a5520ff6-2efc-46a6-b6a4-f0659b5d2cf1",
    "data": [
      {
        "text": "Wo muss ich hin wenn ich ",
        "userDefined": false
      },
      {
        "text": "KDM",
        "alias": "module",
        "meta": "@Module",
        "userDefined": false
      },
      {
        "text": " höre?",
        "userDefined": false
      }
    ],
    "isTemplate": false,
    "count": 0,
    "updated": 1543569061
  },
  {
    "id": "482b6361-41dd-411a-b4fd-032f918dd4b2",
    "data": [
      {
        "text": "Wo findet die Vorlesung ",
        "userDefined": false
      },
      {
        "text": "PPR",
        "alias": "module",
        "meta": "@Module",
        "userDefined": false
      },
      {
        "text": " statt?",
        "userDefined": false
      }
    ],
    "isTemplate": false,
    "count": 0,
    "updated": 1543569061
  },
  {
    "id": "48d87ca4-d394-44fe-b60d-82f7eb2fe3a9",
    "data": [
      {
        "text": "In welchem Raum habe ich ",
        "userDefined": false
      },
      {
        "text": "MMI",
        "alias": "module",
        "meta": "@Module",
        "userDefined": false
      },
      {
        "text": "?",
        "userDefined": false
      }
    ],
    "isTemplate": false,
    "count": 0,
    "updated": 1543569061
  },
  {
    "id": "4aeee9c5-bff2-487a-a743-a0d679d51b3c",
    "data": [
      {
        "text": "In welchem Raum findet ",
        "userDefined": false
      },
      {
        "text": "NNW",
        "alias": "module",
        "meta": "@Module",
        "userDefined": false
      },
      {
        "text": " statt?",
        "userDefined": false
      }
    ],
    "isTemplate": false,
    "count": 0,
    "updated": 1543569061
  }
]