[
  {
    "id": "b383fc38-b25c-4f95-9488-032366a36a45",
    "data": [
      {
        "text": "Schokokuchen",
        "alias": "rezept",
        "meta": "@Rezepte",
        "userDefined": false
      }
    ],
    "isTemplate": false,
    "count": 0,
    "updated": 1547307029
  },
  {
    "id": "48f0e325-59a1-4432-b788-68d48e6e97e4",
    "data": [
      {
        "text": "Ich möchte ",
        "userDefined": false
      },
      {
        "text": "einen",
        "meta": "@sys.ignore",
        "userDefined": false
      },
      {
        "text": " ",
        "userDefined": false
      },
      {
        "text": "Schokokuchen",
        "alias": "rezept",
        "meta": "@Rezepte",
        "userDefined": false
      },
      {
        "text": " backen",
        "userDefined": false
      }
    ],
    "isTemplate": false,
    "count": 0,
    "updated": 1547307029
  }
]