[
  {
    "id": "50bda428-f03e-4f60-884f-2403edeb88c9",
    "data": [
      {
        "text": "Genug",
        "userDefined": false
      }
    ],
    "isTemplate": false,
    "count": 0,
    "updated": 1547291781
  },
  {
    "id": "beb63c94-19f1-49c4-843a-c27e48e40107",
    "data": [
      {
        "text": "Das reicht",
        "userDefined": false
      }
    ],
    "isTemplate": false,
    "count": 0,
    "updated": 1547291781
  },
  {
    "id": "9353751a-c256-4d9d-a970-ef58f4039df0",
    "data": [
      {
        "text": "Hör auf",
        "userDefined": false
      }
    ],
    "isTemplate": false,
    "count": 0,
    "updated": 1547291781
  },
  {
    "id": "9e078aa9-18d1-4436-9a82-38d0537d0f0d",
    "data": [
      {
        "text": "Halt",
        "userDefined": false
      }
    ],
    "isTemplate": false,
    "count": 0,
    "updated": 1547291781
  },
  {
    "id": "b1dac5fe-12f7-44c5-b5e2-7334d042136d",
    "data": [
      {
        "text": "Stop",
        "userDefined": false
      }
    ],
    "isTemplate": false,
    "count": 0,
    "updated": 1547291781
  }
]