[
  {
    "id": "3e2fb074-5c24-4bf0-bef2-3f46a43c1493",
    "data": [
      {
        "text": "Was hält Professorin",
        "userDefined": false
      }
    ],
    "isTemplate": false,
    "count": 0,
    "updated": 1547292172
  },
  {
    "id": "1d8e7d75-0b78-4e95-bda4-ba9fe8ef816d",
    "data": [
      {
        "text": "Was hält Professor",
        "userDefined": false
      }
    ],
    "isTemplate": false,
    "count": 0,
    "updated": 1547292172
  },
  {
    "id": "d9aea88a-5ae5-4ab0-a757-6a9f7cf2debe",
    "data": [
      {
        "text": "Was kann ich bei Professor hören",
        "userDefined": false
      }
    ],
    "isTemplate": false,
    "count": 0,
    "updated": 1547292172
  },
  {
    "id": "25350288-ef33-4e16-94f2-debbf5ce39ea",
    "data": [
      {
        "text": "Welche Vorlesung wird von Professor",
        "userDefined": false
      }
    ],
    "isTemplate": false,
    "count": 0,
    "updated": 1547292037
  }
]