[
  {
    "id": "315bf2c6-870a-4a4e-a1b5-b6839cc6e155",
    "data": [
      {
        "text": "das möchte ich nicht",
        "userDefined": false
      }
    ],
    "isTemplate": false,
    "count": 1,
    "updated": 1497436126
  },
  {
    "id": "30917d96-9987-441d-a69b-8d02d679ebc0",
    "data": [
      {
        "text": "nein",
        "userDefined": false
      }
    ],
    "isTemplate": false,
    "count": 4,
    "updated": 1497436126
  },
  {
    "id": "e2b6e27e-1761-45a0-b306-74fb86238f69",
    "data": [
      {
        "text": "ich denke nicht",
        "userDefined": false
      }
    ],
    "isTemplate": false,
    "count": 0,
    "updated": 1497436126
  },
  {
    "id": "ae1fa769-32b8-478c-af05-5b01896ff30f",
    "data": [
      {
        "text": "kein Interesse",
        "userDefined": false
      }
    ],
    "isTemplate": false,
    "count": 1,
    "updated": 1497519195
  },
  {
    "id": "d5e7254d-6f0e-4883-a730-f278b1cb7954",
    "data": [
      {
        "text": "auf keinen Fall",
        "userDefined": false
      }
    ],
    "isTemplate": false,
    "count": 1,
    "updated": 1497519195
  },
  {
    "id": "d8ea1606-5b58-44c2-ad57-57ec8788197e",
    "data": [
      {
        "text": "eigentlich nicht",
        "userDefined": false
      }
    ],
    "isTemplate": false,
    "count": 0,
    "updated": 1497436126
  },
  {
    "id": "3c975f6c-aa47-4e46-becb-bb061c7eab21",
    "data": [
      {
        "text": "nein danke",
        "userDefined": false
      }
    ],
    "isTemplate": false,
    "count": 1,
    "updated": 1497436126
  },
  {
    "id": "38fddf7b-961a-4500-95e5-0f5e7a5eff2a",
    "data": [
      {
        "text": "ich bin nicht einverstanden",
        "userDefined": false
      }
    ],
    "isTemplate": false,
    "count": 1,
    "updated": 1497436126
  },
  {
    "id": "dccc4e39-e1b6-4d8d-9248-a61e61e72c03",
    "data": [
      {
        "text": "mach das nicht",
        "userDefined": false
      }
    ],
    "isTemplate": false,
    "count": 0,
    "updated": 1497436126
  }
]