[
  {
    "id": "91a21d93-01fb-4916-a6e5-c81aa7b0010a",
    "data": [
      {
        "text": "Was sind deine Fähigkeiten?",
        "userDefined": false
      }
    ],
    "isTemplate": false,
    "count": 0,
    "updated": 1547291961
  },
  {
    "id": "16e4f86f-0c45-4302-bb3a-31696f1aab3b",
    "data": [
      {
        "text": "Was kann man mit dir machen?",
        "userDefined": false
      }
    ],
    "isTemplate": false,
    "count": 0,
    "updated": 1547291961
  },
  {
    "id": "3fe36038-232e-4580-ab60-ed20a744e67d",
    "data": [
      {
        "text": "Was kann ich dich fragen?",
        "userDefined": false
      }
    ],
    "isTemplate": false,
    "count": 0,
    "updated": 1547291961
  },
  {
    "id": "8e46c1d1-ecb0-44ab-a6d9-ae1ca23a1767",
    "data": [
      {
        "text": "Sag mir was du kannst?",
        "userDefined": false
      }
    ],
    "isTemplate": false,
    "count": 0,
    "updated": 1547291961
  },
  {
    "id": "c3e65ae5-e1e2-4e5d-95cf-6c8c5f8e854c",
    "data": [
      {
        "text": "Was kannst du?",
        "userDefined": false
      }
    ],
    "isTemplate": false,
    "count": 0,
    "updated": 1547291961
  }
]